comparison,measure,n,r,mae,rmse,bias,max_abs,nan_mismatch
Haddara raw,meta-d',70,0.9999999996216197,7.257164690788236e-06,1.238100484883232e-05,4.804262903310846e-07,4.735557567592252e-05,0
Haddara raw,AUC2,70,1.0,0.0,0.0,0.0,0.0,0
Haddara raw,Gamma,70,0.9999999999999999,0.0,0.0,0.0,0.0,0
Haddara raw,Phi,70,1.0,2.4781763942525817e-17,3.858067798992308e-17,-2.1807952269422717e-18,1.1102230246251565e-16,0
Haddara raw,ΔConf,70,1.0,0.0,0.0,0.0,0.0,0
Haddara raw,M-Ratio,70,0.9999999993088,5.191147360112134e-06,8.427273539046305e-06,1.0566303076415698e-06,2.762659281541069e-05,0
Haddara raw,AUC2-Ratio,70,1.0,1.5860328923216522e-16,2.1065000811460205e-16,-2.8548592061789737e-17,6.661338147750939e-16,0
Haddara raw,Gamma-Ratio,70,1.0,3.925431408496089e-16,5.694774727826156e-16,-1.0547118733938987e-16,1.9984014443252818e-15,0
Haddara raw,Phi-Ratio,70,1.0,5.602661192126237e-16,8.083702910632015e-16,-1.0507467911630945e-16,3.885780586188048e-15,0
Haddara raw,ΔConf-Ratio,70,1.0,6.165702868900423e-16,8.951457449436944e-16,3.568574007723717e-18,3.1086244689504383e-15,0
Haddara raw,M-Diff,70,0.999999999498139,7.2571646908286305e-06,1.2381004848851418e-05,4.804262903874383e-07,4.735557567570048e-05,0
Haddara raw,AUC2-Diff,70,1.0,1.1419436824715895e-16,1.4536231567507431e-16,-2.2204460492503132e-17,3.3306690738754696e-16,0
Haddara raw,Gamma-Diff,70,1.0,2.3869795029440865e-16,3.1478857502650133e-16,-5.4718134785097004e-17,9.43689570931383e-16,0
Haddara raw,Phi-Diff,70,0.9999999999999998,1.8576410251317352e-16,2.5132100626574253e-16,-3.984907641958151e-17,8.049116928532385e-16,0
Haddara raw,ΔConf-Diff,70,0.9999999999999999,3.9016409151112644e-16,5.445430924654419e-16,9.516197353929913e-18,1.5543122344752192e-15,0
Haddara raw,meta-noise,69,0.9988156640499225,0.002268712346035066,0.01884534011167173,-0.002268712346035066,0.15654115187641957,0
Haddara raw,meta-uncertainty,70,0.9999998382141264,5.805167872384846e-05,0.00031947005567892043,-5.24287031358631e-05,0.002649297255751318,0
Haddara raw,d',70,1.0,1.2688263138573217e-16,2.0557335828564925e-16,-6.026924990822278e-17,4.440892098500626e-16,0
Haddara raw,Criterion,70,1.0,5.987274168514237e-17,8.657146650114187e-17,7.533656238527847e-18,2.7755575615628914e-16,0
Haddara raw,Confidence,70,0.9999999999999998,0.0,0.0,0.0,0.0,0
Haddara metacognitive bias,meta-d',140,0.9997812330820959,0.0008595603483016623,0.010049908630339244,0.0008496532907963957,0.11891195633646934,0
Haddara metacognitive bias,AUC2,140,1.0,0.0,0.0,0.0,0.0,0
Haddara metacognitive bias,Gamma,140,1.0,0.0,0.0,0.0,0.0,0
Haddara metacognitive bias,Phi,140,1.0,0.0,0.0,0.0,0.0,0
Haddara metacognitive bias,ΔConf,140,1.0,0.0,0.0,0.0,0.0,0
Haddara metacognitive bias,M-Ratio,140,0.9997837985270509,0.00042939247963280554,0.004989781635142958,0.0004216084888651427,0.05903968795090986,0
Haddara metacognitive bias,AUC2-Ratio,140,0.9999999999999996,1.5384519055520026e-16,2.1314299439484964e-16,-3.6478756523398e-17,6.661338147750939e-16,0
Haddara metacognitive bias,Gamma-Ratio,140,1.0,7.545551485220261e-16,2.874089519947949e-15,-4.619320798886812e-16,2.7755575615628914e-14,0
Haddara metacognitive bias,Phi-Ratio,140,1.0,1.1888307798508484e-15,4.888147982771969e-15,-6.955745503388146e-16,4.285460875053104e-14,0
Haddara metacognitive bias,ΔConf-Ratio,140,1.0,1.7396798287653123e-15,1.0099640389823839e-14,-1.033895191682177e-15,1.141309269314661e-13,0
Haddara metacognitive bias,M-Diff,140,0.9996882689450676,0.0008595603483016238,0.01004990863033932,0.0008496532907964626,0.11891195633647023,0
Haddara metacognitive bias,AUC2-Diff,140,0.9999999999999996,1.0705722023171153e-16,1.4505916140208636e-16,-2.1411444046342306e-17,4.440892098500626e-16,0
Haddara metacognitive bias,Gamma-Diff,140,1.0,3.861990092803223e-16,1.1905445798277619e-15,-1.9587506220172404e-16,1.1213252548714081e-14,0
Haddara metacognitive bias,Phi-Diff,140,0.9999999999999998,2.052425689719988e-16,4.0318709867295125e-16,-6.031881343610784e-17,3.635980405647388e-15,0
Haddara metacognitive bias,ΔConf-Diff,140,1.0,3.2037864424897374e-16,5.049466447149977e-16,-1.586032892321652e-17,2.220446049250313e-15,0
Haddara metacognitive bias,meta-noise,137,0.9995499658302865,0.0011426361450833544,0.013374213185342156,-0.0011426361450833544,0.15654115187641957,0
Haddara metacognitive bias,meta-uncertainty,140,0.9794573360977212,0.015536395330023826,0.1813211838884073,0.015125599527597584,2.1453795078801585,0
Haddara metacognitive bias,d',140,0.9999999999999999,1.2688263138573217e-16,2.0557335828564925e-16,-6.026924990822278e-17,4.440892098500626e-16,0
Haddara metacognitive bias,Criterion,140,1.0,5.987274168514237e-17,8.657146650114187e-17,7.533656238527847e-18,2.7755575615628914e-16,0
Haddara metacognitive bias,Confidence,140,0.9999999999999998,0.0,0.0,0.0,0.0,0
Haddara odd-even,meta-d',140,0.9999999990215884,1.1575801759844208e-05,2.011141198250075e-05,-5.164861122790101e-07,0.00011085644187759647,0
Haddara odd-even,AUC2,140,1.0,0.0,0.0,0.0,0.0,0
Haddara odd-even,Gamma,140,1.0,0.0,0.0,0.0,0.0,0
Haddara odd-even,Phi,140,1.0,2.3548871186385155e-17,3.534881050509415e-17,2.5339353631232645e-18,1.1102230246251565e-16,0
Haddara odd-even,ΔConf,140,1.0,0.0,0.0,0.0,0.0,0
Haddara odd-even,M-Ratio,140,0.9999999976739326,9.072168967682354e-06,1.592312678010232e-05,2.8810530247098357e-07,6.532252103308434e-05,0
Haddara odd-even,AUC2-Ratio,140,0.9999999999999999,1.5463820700136108e-16,2.1252248945552248e-16,-1.6653345369377347e-17,5.551115123125783e-16,0
Haddara odd-even,Gamma-Ratio,140,1.0,4.1573887189981306e-16,5.833625126567738e-16,-2.279922282712375e-17,1.9984014443252818e-15,0
Haddara odd-even,Phi-Ratio,140,1.0,5.498082148288777e-16,7.540015620197491e-16,-3.816391647148976e-18,2.55351295663786e-15,0
Haddara odd-even,ΔConf-Ratio,140,1.0,6.155790163323412e-16,9.542170370484009e-16,1.1082404835097545e-16,4.218847493575595e-15,0
Haddara odd-even,M-Diff,140,0.9999999987112076,1.1575801759837666e-05,2.0111411982487e-05,-5.164861122155687e-07,0.00011085644187747157,0
Haddara odd-even,AUC2-Diff,140,1.0,1.0943626957019401e-16,1.4716812796553625e-16,-1.1102230246251566e-17,3.3306690738754696e-16,0
Haddara odd-even,Gamma-Diff,140,1.0,2.6010939434075097e-16,3.481875050467557e-16,-1.4274296030894868e-17,1.3322676295501878e-15,0
Haddara odd-even,Phi-Diff,140,0.9999999999999996,1.7981647916696732e-16,2.456519648092318e-16,-4.956352788505163e-18,8.881784197001252e-16,0
Haddara odd-even,ΔConf-Diff,140,0.9999999999999998,3.9650822308041307e-16,5.685878147848628e-16,4.4408920985006264e-17,1.7763568394002505e-15,0
Haddara odd-even,meta-noise,140,0.9980289390884347,0.002576284107127836,0.023757741612608418,0.0011941733571608835,0.26393202250021036,0
Haddara odd-even,meta-uncertainty,140,0.9999984641725131,0.00019893221538468204,0.001466847948011591,5.252406341654423e-05,0.016479675639930136,0
Haddara odd-even,d',140,1.0,1.395708945243054e-16,2.2945461865598407e-16,-7.137148015447435e-17,8.881784197001252e-16,0
Haddara odd-even,Criterion,140,1.0,5.531289711971762e-17,8.183357226397744e-17,-5.7493692346659896e-18,2.7755575615628914e-16,0
Haddara odd-even,Confidence,140,1.0,0.0,0.0,0.0,0.0,0
Maniscalco raw,meta-d',22,0.9999999997116561,1.5273564798632096e-05,2.2011349361989963e-05,-3.7047674654657547e-06,6.214188258280018e-05,0
Maniscalco raw,AUC2,22,1.0,0.0,0.0,0.0,0.0,0
Maniscalco raw,Gamma,22,1.0,0.0,0.0,0.0,0.0,0
Maniscalco raw,Phi,22,0.9999999999999998,3.469446951953614e-17,6.185141233403361e-17,6.30808536718839e-19,2.220446049250313e-16,0
Maniscalco raw,ΔConf,22,1.0,0.0,0.0,0.0,0.0,0
Maniscalco raw,M-Ratio,22,0.999999999309929,8.029106640772277e-06,1.1057222009949595e-05,-1.4121684616119623e-06,2.284897436244382e-05,0
Maniscalco raw,AUC2-Ratio,22,1.0,1.766263902812749e-16,2.2826554541300066e-16,-3.532527805625498e-17,4.440892098500626e-16,0
Maniscalco raw,Gamma-Ratio,22,1.0,3.0531133177191805e-16,4.1151156420416386e-16,1.766263902812749e-17,8.881784197001252e-16,0
Maniscalco raw,Phi-Ratio,22,1.0,4.289498049688105e-16,5.756735342769577e-16,-1.5139404881252134e-17,1.4432899320127035e-15,0
Maniscalco raw,ΔConf-Ratio,22,1.0,4.213801025281844e-16,5.501692043739944e-16,9.335966343438817e-17,1.1102230246251565e-15,0
Maniscalco raw,M-Diff,22,0.9999999995829056,1.527356479854883e-05,2.201134936179378e-05,-3.704767465342116e-06,6.2141882581912e-05,0
Maniscalco raw,AUC2-Diff,22,1.0,1.3625464393126921e-16,1.7554167342883506e-16,-3.532527805625498e-17,3.3306690738754696e-16,0
Maniscalco raw,Gamma-Diff,22,1.0,2.296143073656574e-16,3.0975204299336607e-16,2.523234146875356e-18,7.771561172376096e-16,0
Maniscalco raw,Phi-Diff,22,1.0,1.9618145491955892e-16,2.890053286658681e-16,-5.99268109882897e-17,9.43689570931383e-16,0
Maniscalco raw,ΔConf-Diff,22,0.9999999999999998,4.945538927875697e-16,6.473657049138938e-16,3.027880976250427e-17,1.3322676295501878e-15,0
Maniscalco raw,meta-noise,22,1.0,0.0,0.0,0.0,0.0,0
Maniscalco raw,meta-uncertainty,22,0.9999998856964315,0.00011910274245104362,0.00046036886933804416,9.586205018514974e-05,0.002148162489863381,0
Maniscalco raw,d',22,1.0,1.8167285857502563e-16,2.67795869548738e-16,-8.074349270001139e-17,4.440892098500626e-16,0
Maniscalco raw,Criterion,22,1.0,7.317379025938531e-17,1.0111843135300426e-16,1.766263902812749e-17,2.220446049250313e-16,0
Maniscalco raw,Confidence,22,1.0,0.0,0.0,0.0,0.0,0
Maniscalco metacognitive bias,meta-d',44,0.9999999988280341,2.3712248837329125e-05,4.121809568254281e-05,2.94859647718024e-06,0.00019244636056936493,0
Maniscalco metacognitive bias,AUC2,44,0.9999999999999999,0.0,0.0,0.0,0.0,0
Maniscalco metacognitive bias,Gamma,44,1.0,0.0,0.0,0.0,0.0,0
Maniscalco metacognitive bias,Phi,44,1.0,0.0,0.0,0.0,0.0,0
Maniscalco metacognitive bias,ΔConf,44,1.0,0.0,0.0,0.0,0.0,0
Maniscalco metacognitive bias,M-Ratio,44,0.999999997759996,1.2498994441203933e-05,2.0189603455231083e-05,2.2728797291040906e-07,7.471742416920168e-05,0
Maniscalco metacognitive bias,AUC2-Ratio,44,1.0,1.6905668784064883e-16,2.5105862770194187e-16,-4.289498049688105e-17,8.881784197001252e-16,0
Maniscalco metacognitive bias,Gamma-Ratio,44,0.9999999999999998,2.731400963992573e-16,4.227810394201417e-16,-8.768238660391862e-17,1.2212453270876722e-15,0
Maniscalco metacognitive bias,Phi-Ratio,44,1.0,4.560745720477206e-16,6.617166516594984e-16,-5.677276830469551e-18,1.9984014443252818e-15,0
Maniscalco metacognitive bias,ΔConf-Ratio,44,1.0,4.081331232570888e-16,6.124121112358526e-16,-8.200510977344907e-18,1.9984014443252818e-15,0
Maniscalco metacognitive bias,M-Diff,44,0.9999999985114085,2.3712248837351206e-05,4.1218095682549365e-05,2.948596477342358e-06,0.00019244636056936493,0
Maniscalco metacognitive bias,AUC2-Diff,44,1.0,1.3625464393126921e-16,2.0770370905276122e-16,-5.551115123125783e-17,8.881784197001252e-16,0
Maniscalco metacognitive bias,Gamma-Diff,44,1.0,2.510617976140979e-16,3.9722309576286504e-16,-9.71445146547012e-17,1.3322676295501878e-15,0
Maniscalco metacognitive bias,Phi-Diff,44,0.9999999999999999,1.9460443357776182e-16,3.014664289892453e-16,-4.888766159571002e-17,1.1657341758564144e-15,0
Maniscalco metacognitive bias,ΔConf-Diff,44,0.9999999999999997,3.936245269125555e-16,5.817245049702455e-16,-9.083642928751281e-17,1.7763568394002505e-15,0
Maniscalco metacognitive bias,meta-noise,44,1.0,0.0,0.0,0.0,0.0,0
Maniscalco metacognitive bias,meta-uncertainty,44,0.999822183382121,0.002667402380696075,0.01753073095732886,0.002628598294785359,0.1162852762861371,0
Maniscalco metacognitive bias,d',44,1.0,1.8167285857502563e-16,2.67795869548738e-16,-8.074349270001139e-17,4.440892098500626e-16,0
Maniscalco metacognitive bias,Criterion,44,1.0,7.317379025938531e-17,1.0111843135300426e-16,1.766263902812749e-17,2.220446049250313e-16,0
Maniscalco metacognitive bias,Confidence,44,1.0,0.0,0.0,0.0,0.0,0
Rouault1 difficulty,meta-d',932,0.9999999351279532,4.842685246948199e-05,0.00027707700829855675,1.0650055739954183e-05,0.00800271518300763,0
Rouault1 difficulty,AUC2,932,1.0,0.0,0.0,0.0,0.0,0
Rouault1 difficulty,Gamma,932,1.0,0.0,0.0,0.0,0.0,0
Rouault1 difficulty,Phi,932,0.9999999999999998,1.626768581549066e-17,3.267041682324282e-17,-3.9831633461270035e-19,2.220446049250313e-16,0
Rouault1 difficulty,ΔConf,932,1.0,0.0,0.0,0.0,0.0,0
Rouault1 difficulty,M-Ratio,912,0.9999999924601058,3.529352445219041e-05,7.268330273355094e-05,-2.118816904086399e-07,0.0009287916622575665,0
Rouault1 difficulty,AUC2-Ratio,932,1.0,1.6915415182057105e-16,2.4034970226549853e-16,-1.9059622740346035e-18,7.771561172376096e-16,0
Rouault1 difficulty,Gamma-Ratio,932,1.0,3.6504426389181385e-15,5.3796536631432245e-14,-3.4961378689552314e-16,1.326938559031987e-12,0
Rouault1 difficulty,Phi-Ratio,932,0.9999999999999999,1.7973335921623306e-15,1.5023095346603785e-14,-6.842367337958561e-16,4.0589753780295723e-13,0
Rouault1 difficulty,ΔConf-Ratio,932,1.0,6.475659451917791e-15,1.2106104498713932e-13,-4.083103520289127e-15,3.666400516522117e-12,0
Rouault1 difficulty,M-Diff,932,0.999999900411281,4.8426852469546735e-05,0.00027707700829857854,1.065005574005045e-05,0.008002715183007686,0
Rouault1 difficulty,AUC2-Diff,932,1.0,1.1930132609035345e-16,1.6608614304518895e-16,-3.2758726584969747e-18,6.661338147750939e-16,0
Rouault1 difficulty,Gamma-Diff,932,1.0,2.160289114976096e-16,3.0662022882220646e-16,4.467099079768602e-19,1.887379141862766e-15,0
Rouault1 difficulty,Phi-Diff,932,1.0,1.6430734931902212e-16,2.2261540401718196e-16,-3.674188993109675e-17,1.5543122344752192e-15,0
Rouault1 difficulty,ΔConf-Diff,932,1.0,8.960405140805179e-16,1.2454791725891101e-15,2.465838692032268e-16,6.661338147750939e-15,0
Rouault1 difficulty,meta-noise,903,0.9999169408085998,0.00025414193660196823,0.006489058600309772,0.0001979923338774946,0.19349550499537335,27
Rouault1 difficulty,meta-uncertainty,932,0.9931151519025695,0.008144465238095916,0.08506028212051392,-0.005518250387790112,1.3947549393906244,0
Rouault1 difficulty,d',932,0.9999999999999998,1.4966270950251407e-16,2.692035537877374e-16,-1.0725504890524414e-16,1.3322676295501878e-15,0
Rouault1 difficulty,Criterion,932,1.0,6.452724620725746e-17,1.03020519884636e-16,1.1070960552693185e-17,4.440892098500626e-16,0
Rouault1 difficulty,Confidence,932,1.0,0.0,0.0,0.0,0.0,0
Rouault2 difficulty,meta-d',968,0.9999760057358426,0.00017880452147712596,0.004391679385039478,0.00015017162506943685,0.1365042836552317,0
Rouault2 difficulty,AUC2,968,1.0,0.0,0.0,0.0,0.0,0
Rouault2 difficulty,Gamma,968,1.0,0.0,0.0,0.0,0.0,0
Rouault2 difficulty,Phi,968,0.9999999999999998,1.4009708987962313e-17,3.144784781827577e-17,-5.866987721937764e-19,2.220446049250313e-16,0
Rouault2 difficulty,ΔConf,968,1.0,0.0,0.0,0.0,0.0,0
Rouault2 difficulty,M-Ratio,968,0.999984646731109,0.00010571917630354897,0.0024763746685808764,8.487609175503452e-05,0.07698651105910703,0
Rouault2 difficulty,AUC2-Ratio,968,0.9999999999999996,1.8041124150158794e-16,2.494558658621352e-16,8.601934591620532e-18,8.881784197001252e-16,0
Rouault2 difficulty,Gamma-Ratio,968,1.0,4.820040286323367e-16,7.514235240031581e-16,5.4161722742197357e-17,4.440892098500626e-15,0
Rouault2 difficulty,Phi-Ratio,968,0.9999999999999998,7.408040104958636e-16,1.1533931658147225e-15,4.7602774872470415e-17,7.993605777301127e-15,0
Rouault2 difficulty,ΔConf-Ratio,968,0.9999999999999999,1.2801847076676321e-15,2.1024539120995854e-15,1.930041153297791e-16,1.1102230246251565e-14,0
Rouault2 difficulty,M-Diff,968,0.9999755784961714,0.00017880452147712064,0.004391679385039506,0.00015017162506944246,0.1365042836552326,0
Rouault2 difficulty,AUC2-Diff,968,1.0,1.2845555656819992e-16,1.7349872485837035e-16,4.128928603977855e-18,6.661338147750939e-16,0
Rouault2 difficulty,Gamma-Diff,968,1.0,2.481658129682523e-16,3.235635835645386e-16,1.052303331708245e-17,1.4432899320127035e-15,0
Rouault2 difficulty,Phi-Diff,968,0.9999999999999998,2.1116315766663135e-16,2.7411407353634184e-16,1.7920697065876104e-18,1.1657341758564144e-15,0
Rouault2 difficulty,ΔConf-Diff,968,0.9999999999999999,9.423132613967237e-16,1.2697860906027418e-15,1.3350202486195065e-16,5.551115123125783e-15,0
Rouault2 difficulty,meta-noise,947,0.9997677730751362,0.0004803748977035511,0.007393441719775766,-5.4554150605015356e-05,0.16311896062463196,20
Rouault2 difficulty,meta-uncertainty,968,0.9792559189447614,0.013782404107270973,0.17131416970357866,-0.01376516425432253,4.017290563415772,0
Rouault2 difficulty,d',968,1.0,1.5804621156337457e-16,2.4259817067787204e-16,-1.0001182618524137e-16,8.881784197001252e-16,0
Rouault2 difficulty,Criterion,968,1.0,6.927424657785068e-17,1.0291269608988877e-16,7.913779824290888e-18,3.885780586188048e-16,0
Rouault2 difficulty,Confidence,968,1.0,0.0,0.0,0.0,0.0,0
Shekhar difficulty,meta-d',60,0.9999791173396011,0.002248326008138754,0.004064813576524353,0.00032053664383965006,0.018343841874179923,0
Shekhar difficulty,AUC2,60,0.9999714428820872,0.0002957631535201214,0.0006137556835756736,4.485783749830774e-05,0.002879921900423077,0
Shekhar difficulty,Gamma,60,0.9999685109262411,0.000700422878210671,0.0014489538867127124,0.00016967004474300004,0.006414690356711383,0
Shekhar difficulty,Phi,60,0.9999586292406357,0.0004574478808667964,0.0007349618518928728,-9.150328760737977e-06,0.0026726770479396644,0
Shekhar difficulty,ΔConf,60,0.9999860792960491,0.0018852460752387704,0.0030433947734400456,-0.00021966495767582843,0.01314676212170518,0
Shekhar difficulty,M-Ratio,60,0.9999460776670634,0.0015323540765869456,0.002590442171063871,0.00020332702950051905,0.008175169492593226,0
Shekhar difficulty,AUC2-Ratio,60,0.9999311916883015,0.00040300860650233084,0.0007960297881714651,5.8348563678659966e-05,0.003256185034923975,0
Shekhar difficulty,Gamma-Ratio,60,0.9999329055958368,0.0013224718972243894,0.0025784565956375864,0.00016278145955077317,0.00973976724395742,0
Shekhar difficulty,Phi-Ratio,60,0.9999341270552048,0.0016352252646734853,0.002704362906270871,0.0001896964642291508,0.008303627911293132,0
Shekhar difficulty,ΔConf-Ratio,60,0.9999325703098608,0.0017572329446971448,0.0029898851198061683,0.000223283202075041,0.01223118941827983,0
Shekhar difficulty,M-Diff,60,0.9999559446956914,0.0022483260081387698,0.004064813576524396,0.0003205366438396732,0.018343841874180367,0
Shekhar difficulty,AUC2-Diff,60,0.9999309667227902,0.0002971310681864588,0.0006107619886986014,5.0805974418718e-05,0.002788520409970574,0
Shekhar difficulty,Gamma-Diff,60,0.9999289489717044,0.0006867065246401146,0.0013899474733412725,0.00010599577705189729,0.006099332163984839,0
Shekhar difficulty,Phi-Diff,60,0.9999364549386209,0.0004780193026880611,0.0007895463563890416,4.7388913675750395e-05,0.0028926240550618543,0
Shekhar difficulty,ΔConf-Diff,60,0.9999535181306486,0.0018521873752952074,0.0030488880866154687,0.0001476333899072868,0.011404488630031295,0
Shekhar difficulty,meta-noise,58,0.9929042706919864,0.018812579881245253,0.05206038901394432,-0.004874237230725828,0.2983738762488435,2
Shekhar difficulty,meta-uncertainty,60,0.9999178560177037,0.0034929060703898685,0.010277806161748069,2.6740292966107863e-05,0.06438496650774206,0
Shekhar difficulty,d',60,1.0,1.1287267417022424e-16,2.4026348078675366e-16,-9.806970050855549e-17,8.881784197001252e-16,0
Shekhar difficulty,Criterion,60,1.0,8.858654550654895e-17,1.4112875507211373e-16,3.2612801348363975e-17,5.551115123125783e-16,0
Shekhar difficulty,Confidence,60,0.9999989929721035,0.0014331997809870192,0.0020144772076074896,-0.0014331997809870192,0.005252100840336116,0
Shekhar metacognitive bias,meta-d',120,0.9999773860859351,0.002433117478613508,0.0042897188680292775,0.00031191668995348467,0.019559295790937847,0
Shekhar metacognitive bias,AUC2,120,0.9999719496948027,0.000295763153520127,0.0006137556835756765,4.485783749829849e-05,0.002879921900423188,0
Shekhar metacognitive bias,Gamma,120,0.9999684876706445,0.0007588109073019567,0.001521308519087776,0.00019164186970630585,0.006711386073622316,0
Shekhar metacognitive bias,Phi,120,0.9999480070991927,0.0005351061164110712,0.0008525080895233538,-1.4816896509533353e-05,0.0032566718519057014,0
Shekhar metacognitive bias,ΔConf,120,0.9999806900211052,0.0018852460752388019,0.003043394773440071,-0.00021966495767582287,0.01314676212170518,0
Shekhar metacognitive bias,M-Ratio,120,0.9999381856413185,0.0016749509537336484,0.0028209597092147794,0.00021837968544563847,0.008692847284196281,0
Shekhar metacognitive bias,AUC2-Ratio,120,0.9999268877134421,0.0004069127235499949,0.0008006705255617196,5.886839110083308e-05,0.0032887845816262917,0
Shekhar metacognitive bias,Gamma-Ratio,120,0.9999288832205079,0.0013890483782738531,0.0026681568920221763,0.00018350356443809317,0.010074711763808697,0
Shekhar metacognitive bias,Phi-Ratio,120,0.9998974161436717,0.0020419022295557433,0.0034438137848148897,0.00023989550061603813,0.01397326392566578,0
Shekhar metacognitive bias,ΔConf-Ratio,120,0.9998929159377129,0.0022148138927893294,0.0038613499290674137,0.00028855497790914543,0.019829435016275543,0
Shekhar metacognitive bias,M-Diff,120,0.9999516750769956,0.002433117478613458,0.004289718868029326,0.0003119166899536401,0.01955929579093829,0
Shekhar metacognitive bias,AUC2-Diff,120,0.9999268140936368,0.0002971838950780135,0.0006106956702655042,5.08030043640408e-05,0.0027891251469193135,0
Shekhar metacognitive bias,Gamma-Diff,120,0.9999311285521331,0.0007408542092989721,0.0014559215273135047,0.00011626905674747557,0.006385208275320409,0
Shekhar metacognitive bias,Phi-Diff,120,0.9999141980167645,0.0005599892351783608,0.0009214877274232902,5.5173716061048796e-05,0.0033731800080577523,0
Shekhar metacognitive bias,ΔConf-Diff,120,0.9999374843908948,0.001854190064504002,0.003052382713925542,0.0001497837774255606,0.011398889012652624,0
Shekhar metacognitive bias,meta-noise,118,0.9887280862009816,0.030377557833593326,0.06501161203827391,0.004147092219270297,0.3090169943749477,1
Shekhar metacognitive bias,meta-uncertainty,120,0.9999156913349966,0.0042997608507879224,0.01305423375241637,0.0013765905582076986,0.09477705748738963,0
Shekhar metacognitive bias,d',120,1.0,1.1287267417022424e-16,2.4026348078675366e-16,-9.806970050855549e-17,8.881784197001252e-16,0
Shekhar metacognitive bias,Criterion,120,1.0,8.858654550654895e-17,1.4112875507211373e-16,3.2612801348363975e-17,5.551115123125783e-16,0
Shekhar metacognitive bias,Confidence,120,0.9999987042860292,0.0014331997809870138,0.002014477207607492,-0.0014331997809870138,0.00525210084033656,0
Locke response bias,meta-d',70,0.9999999960544175,3.160450444767226e-05,4.697933723488217e-05,2.6291208183542295e-06,0.0001719057130507018,0
Locke response bias,AUC2,70,0.9999999999999999,0.0,0.0,0.0,0.0,0
Locke response bias,Gamma,70,0.9999999999999999,0.0,0.0,0.0,0.0,0
Locke response bias,Phi,70,1.0,0.0,0.0,0.0,0.0,0
Locke response bias,ΔConf,70,1.0,0.0,0.0,0.0,0.0,0
Locke response bias,M-Ratio,70,0.9999999922428465,3.0332799224590108e-05,4.462902306807385e-05,1.7855322002531439e-06,0.00013598014835258798,0
Locke response bias,AUC2-Ratio,70,1.0,1.0943626957019401e-16,1.7045242408169924e-16,2.061842760018148e-17,5.551115123125783e-16,0
Locke response bias,Gamma-Ratio,70,1.0,4.042401334304811e-16,6.400332396389059e-16,3.984907641958151e-17,3.1086244689504383e-15,0
Locke response bias,Phi-Ratio,70,1.0,4.900841637273906e-16,7.398380197778567e-16,3.9650822308041306e-17,3.1086244689504383e-15,0
Locke response bias,ΔConf-Ratio,70,0.9999999999999999,6.203371150093063e-16,1.0424967703975035e-15,8.703355496615066e-17,3.9968028886505635e-15,0
Locke response bias,M-Diff,70,0.9999999916731419,3.1604504447686955e-05,4.697933723488558e-05,2.6291208183973744e-06,0.0001719057130507018,0
Locke response bias,AUC2-Diff,70,1.0,6.97854472621527e-17,1.0942477597466053e-16,6.3441315692866086e-18,4.440892098500626e-16,0
Locke response bias,Gamma-Diff,70,1.0,2.640744765715551e-16,3.8931373462323607e-16,-4.202987164652378e-17,1.5543122344752192e-15,0
Locke response bias,Phi-Diff,70,1.0,1.4313946853202912e-16,1.9807560247456016e-16,-2.101493582326189e-17,7.216449660063518e-16,0
Locke response bias,ΔConf-Diff,70,1.0,1.7763568394002506e-16,2.706499025873139e-16,-1.2688263138573217e-17,8.881784197001252e-16,0
Locke response bias,meta-noise,70,1.0,0.0,0.0,0.0,0.0,0
Locke response bias,meta-uncertainty,70,0.9999999936779371,5.72200916819233e-05,0.00019537755876438383,-5.020639033765001e-05,0.0013761146949424659,0
Locke response bias,d',70,1.0,1.2846866427805384e-16,1.9366494262693861e-16,-4.5994953877327917e-17,4.440892098500626e-16,0
Locke response bias,Criterion,70,1.0,5.729543823511969e-17,8.241984012786593e-17,-4.163336342344337e-18,2.220446049250313e-16,0
Locke response bias,Confidence,70,0.9999999999999999,0.0,0.0,0.0,0.0,0
